{"stats":{"minecraft:mined":{"minecraft:nether_gold_ore":1,"minecraft:spruce_planks":53,"minecraft:mossy_cobblestone":2,"minecraft:deepslate_diamond_ore":3,"minecraft:cobblestone_stairs":5,"minecraft:spruce_trapdoor":10,"minecraft:granite":15,"minecraft:grass_block":84,"minecraft:spruce_leaves":10,"minecraft:spawner":2,"minecraft:large_fern":9,"minecraft:furnace":2,"minecraft:iron_ore":91,"minecraft:andesite":8,"minecraft:pumpkin":9,"minecraft:deepslate_lapis_ore":4,"minecraft:polished_deepslate":8,"minecraft:dirt_path":47,"minecraft:deepslate_iron_ore":19,"minecraft:warped_stem":3,"minecraft:stone":66,"minecraft:glass_pane":3,"minecraft:crafting_table":3,"minecraft:short_grass":56,"minecraft:warped_roots":1,"minecraft:nether_quartz_ore":121,"minecraft:cobblestone":48,"minecraft:oak_planks":12,"minecraft:diorite":4,"minecraft:warped_wart_block":2,"minecraft:spruce_stairs":1,"minecraft:warped_nylium":3,"minecraft:cobblestone_wall":2,"minecraft:birch_log":49,"minecraft:wheat":13,"minecraft:spruce_log":154,"minecraft:birch_leaves":2,"minecraft:coal_ore":108,"minecraft:gravel":2,"minecraft:sand":11,"minecraft:dirt":36,"minecraft:cobweb":21,"minecraft:netherrack":144,"minecraft:deepslate":32,"minecraft:fern":28},"minecraft:killed":{"minecraft:spider":1,"minecraft:skeleton":1,"minecraft:chicken":2,"minecraft:drowned":1,"minecraft:pig":3,"minecraft:salmon":6,"minecraft:zombie":5},"minecraft:picked_up":{"minecraft:wooden_axe":1,"minecraft:iron_chestplate":1,"minecraft:crafting_table":5,"minecraft:wheat":13,"minecraft:chicken":2,"minecraft:polished_deepslate":8,"minecraft:iron_axe":2,"minecraft:string":33,"minecraft:cooked_salmon":1,"minecraft:iron_leggings":2,"minecraft:iron_shovel":1,"minecraft:gold_nugget":6,"minecraft:cobbled_deepslate":60,"minecraft:spruce_planks":64,"minecraft:iron_pickaxe":3,"minecraft:spruce_trapdoor":10,"minecraft:egg":9,"minecraft:iron_boots":2,"minecraft:furnace":3,"minecraft:golden_helmet":2,"minecraft:raw_iron":150,"minecraft:stick":11,"minecraft:torch":48,"minecraft:spruce_stairs":1,"minecraft:porkchop":7,"minecraft:cookie":180,"minecraft:diorite":4,"minecraft:stone_sword":1,"minecraft:arrow":2,"minecraft:rotten_flesh":7,"minecraft:mutton":1,"minecraft:rail":1,"minecraft:cobblestone":176,"minecraft:birch_log":49,"minecraft:leather_chestplate":1,"minecraft:feather":3,"minecraft:andesite":8,"minecraft:salmon":6,"minecraft:brown_wool":1,"minecraft:birch_planks":20,"minecraft:cobblestone_wall":2,"minecraft:gunpowder":2,"minecraft:cobblestone_stairs":5,"minecraft:lapis_lazuli":44,"minecraft:dirt":231,"minecraft:name_tag":2,"minecraft:leather_boots":1,"minecraft:cooked_mutton":1,"minecraft:bone":2,"minecraft:wheat_seeds":48,"minecraft:warped_stem":3,"minecraft:bell":1,"minecraft:iron_ingot":60,"minecraft:stone_hoe":1,"minecraft:iron_sword":2,"minecraft:oak_planks":12,"minecraft:cooked_porkchop":1,"minecraft:pumpkin":12,"minecraft:warped_wart_block":2,"minecraft:quartz":135,"minecraft:gravel":2,"minecraft:sand":11,"minecraft:spruce_sapling":3,"minecraft:ink_sac":6,"minecraft:spruce_log":165,"minecraft:mossy_cobblestone":2,"minecraft:spruce_door":1,"minecraft:leather_helmet":1,"minecraft:diamond":15,"minecraft:stone_axe":1,"minecraft:iron_helmet":2,"minecraft:granite":15,"minecraft:golden_apple":1,"minecraft:spruce_sign":3,"minecraft:warped_roots":1,"minecraft:bread":124,"minecraft:netherrack":149,"minecraft:coal":235},"minecraft:killed_by":{"minecraft:enderman":1},"minecraft:dropped":{"minecraft:feather":1,"minecraft:leather_helmet":1,"minecraft:cobblestone_stairs":4,"minecraft:wooden_axe":1,"minecraft:spruce_sapling":1,"minecraft:gravel":2,"minecraft:stone_axe":1,"minecraft:stone_sword":1,"minecraft:leather_boots":1},"minecraft:custom":{"minecraft:mob_kills":19,"minecraft:interact_with_crafting_table":25,"minecraft:leave_game":4,"minecraft:time_since_death":19333,"minecraft:sprint_one_cm":236799,"minecraft:walk_one_cm":831722,"minecraft:drop":9,"minecraft:play_time":167715,"minecraft:deaths":2,"minecraft:sneak_time":5260,"minecraft:walk_under_water_one_cm":18681,"minecraft:jump":985,"minecraft:walk_on_water_one_cm":19063,"minecraft:total_world_time":167715,"minecraft:interact_with_furnace":47,"minecraft:sleep_in_bed":7,"minecraft:time_since_rest":19379,"minecraft:damage_taken":1899,"minecraft:damage_dealt":2831,"minecraft:swim_one_cm":743,"minecraft:fly_one_cm":53046,"minecraft:open_chest":32,"minecraft:crouch_one_cm":9053,"minecraft:fall_one_cm":18508},"minecraft:broken":{"minecraft:wooden_pickaxe":1,"minecraft:stone_pickaxe":1,"minecraft:iron_axe":1,"minecraft:iron_pickaxe":2,"minecraft:stone_shovel":1},"minecraft:crafted":{"minecraft:stone_shovel":1,"minecraft:cooked_chicken":2,"minecraft:furnace":2,"minecraft:cooked_mutton":1,"minecraft:quartz_block":30,"minecraft:iron_boots":1,"minecraft:polished_deepslate":28,"minecraft:iron_axe":2,"minecraft:stone_pickaxe":1,"minecraft:chest":2,"minecraft:stone_hoe":1,"minecraft:cooked_porkchop":7,"minecraft:crafting_table":2,"minecraft:spruce_planks":216,"minecraft:wooden_pickaxe":1,"minecraft:iron_helmet":1,"minecraft:iron_sword":1,"minecraft:cooked_salmon":1,"minecraft:birch_planks":32,"minecraft:stone_axe":1,"minecraft:iron_chestplate":1,"minecraft:stick":32,"minecraft:iron_ingot":97,"minecraft:iron_pickaxe":3,"minecraft:wooden_axe":1,"minecraft:stone_sword":1,"minecraft:iron_shovel":1,"minecraft:iron_leggings":1,"minecraft:torch":32},"minecraft:used":{"minecraft:stone_sword":29,"minecraft:iron_shovel":42,"minecraft:polished_deepslate":28,"minecraft:stone_shovel":131,"minecraft:spruce_planks":147,"minecraft:chest":2,"minecraft:iron_sword":74,"minecraft:bell":1,"minecraft:cooked_salmon":2,"minecraft:stone_hoe":58,"minecraft:cooked_chicken":2,"minecraft:netherrack":65,"minecraft:torch":16,"minecraft:dirt":46,"minecraft:granite":15,"minecraft:wooden_axe":28,"minecraft:iron_axe":324,"minecraft:quartz_block":30,"minecraft:furnace":4,"minecraft:egg":6,"minecraft:pumpkin":7,"minecraft:wheat_seeds":37,"minecraft:cooked_mutton":1,"minecraft:birch_planks":12,"minecraft:stone_pickaxe":131,"minecraft:wooden_pickaxe":59,"minecraft:spruce_sign":2,"minecraft:cookie":12,"minecraft:crafting_table":4,"minecraft:spruce_log":69,"minecraft:bread":8,"minecraft:brown_wool":1,"minecraft:iron_pickaxe":508,"minecraft:cobblestone":27,"minecraft:cooked_porkchop":6,"minecraft:andesite":1}},"DataVersion":3839}