{"stats":{"minecraft:broken":{"minecraft:stone_pickaxe":1,"minecraft:wooden_pickaxe":1},"minecraft:dropped":{"minecraft:gravel":2,"minecraft:stone_axe":1,"minecraft:stone_sword":1,"minecraft:feather":1,"minecraft:leather_helmet":1,"minecraft:wooden_axe":1,"minecraft:leather_boots":1,"minecraft:spruce_sapling":1},"minecraft:custom":{"minecraft:interact_with_furnace":45,"minecraft:mob_kills":19,"minecraft:interact_with_crafting_table":19,"minecraft:leave_game":3,"minecraft:time_since_death":39345,"minecraft:sleep_in_bed":5,"minecraft:time_since_rest":1948,"minecraft:sprint_one_cm":197330,"minecraft:damage_taken":1590,"minecraft:walk_one_cm":598765,"minecraft:drop":8,"minecraft:damage_dealt":2470,"minecraft:swim_one_cm":743,"minecraft:fly_one_cm":26794,"minecraft:open_chest":20,"minecraft:crouch_one_cm":2897,"minecraft:sneak_time":1916,"minecraft:play_time":114322,"minecraft:deaths":1,"minecraft:walk_under_water_one_cm":18681,"minecraft:jump":633,"minecraft:walk_on_water_one_cm":18714,"minecraft:total_world_time":114322,"minecraft:fall_one_cm":12726},"minecraft:killed":{"minecraft:pig":3,"minecraft:salmon":6,"minecraft:spider":1,"minecraft:skeleton":1,"minecraft:zombie":5,"minecraft:chicken":2,"minecraft:drowned":1},"minecraft:mined":{"minecraft:spruce_planks":2,"minecraft:deepslate_diamond_ore":3,"minecraft:crafting_table":3,"minecraft:granite":15,"minecraft:short_grass":56,"minecraft:grass_block":13,"minecraft:cobblestone":3,"minecraft:spruce_leaves":9,"minecraft:oak_planks":12,"minecraft:diorite":4,"minecraft:spawner":2,"minecraft:large_fern":9,"minecraft:spruce_stairs":1,"minecraft:furnace":2,"minecraft:iron_ore":91,"minecraft:spruce_log":89,"minecraft:andesite":8,"minecraft:birch_leaves":1,"minecraft:pumpkin":5,"minecraft:deepslate_lapis_ore":4,"minecraft:coal_ore":108,"minecraft:deepslate_iron_ore":19,"minecraft:dirt_path":30,"minecraft:gravel":2,"minecraft:sand":4,"minecraft:dirt":7,"minecraft:cobweb":21,"minecraft:stone":66,"minecraft:deepslate":32,"minecraft:fern":28},"minecraft:crafted":{"minecraft:stone_shovel":1,"minecraft:cooked_porkchop":7,"minecraft:crafting_table":2,"minecraft:spruce_planks":96,"minecraft:wooden_pickaxe":1,"minecraft:iron_helmet":1,"minecraft:cooked_chicken":2,"minecraft:iron_sword":1,"minecraft:furnace":2,"minecraft:cooked_salmon":1,"minecraft:stone_axe":1,"minecraft:cooked_mutton":1,"minecraft:iron_chestplate":1,"minecraft:iron_boots":1,"minecraft:polished_deepslate":28,"minecraft:iron_axe":1,"minecraft:stick":24,"minecraft:iron_ingot":85,"minecraft:stone_pickaxe":1,"minecraft:iron_pickaxe":1,"minecraft:wooden_axe":1,"minecraft:stone_sword":1,"minecraft:chest":2,"minecraft:iron_leggings":1,"minecraft:torch":32,"minecraft:stone_hoe":1},"minecraft:used":{"minecraft:wheat_seeds":12,"minecraft:cooked_mutton":1,"minecraft:stone_sword":29,"minecraft:stone_shovel":70,"minecraft:stone_pickaxe":131,"minecraft:chest":2,"minecraft:spruce_planks":39,"minecraft:wooden_pickaxe":59,"minecraft:spruce_sign":1,"minecraft:iron_sword":62,"minecraft:cookie":12,"minecraft:cooked_salmon":2,"minecraft:cooked_chicken":2,"minecraft:stone_hoe":46,"minecraft:torch":16,"minecraft:dirt":16,"minecraft:crafting_table":4,"minecraft:granite":15,"minecraft:spruce_log":4,"minecraft:wooden_axe":28,"minecraft:bread":8,"minecraft:brown_wool":1,"minecraft:iron_axe":76,"minecraft:iron_pickaxe":172,"minecraft:cobblestone":27,"minecraft:cooked_porkchop":5,"minecraft:furnace":4,"minecraft:andesite":1,"minecraft:egg":5,"minecraft:pumpkin":7},"minecraft:picked_up":{"minecraft:wooden_axe":1,"minecraft:crafting_table":4,"minecraft:leather_chestplate":1,"minecraft:feather":3,"minecraft:chicken":2,"minecraft:salmon":6,"minecraft:andesite":8,"minecraft:brown_wool":1,"minecraft:gunpowder":2,"minecraft:lapis_lazuli":44,"minecraft:dirt":48,"minecraft:string":33,"minecraft:iron_axe":1,"minecraft:cooked_salmon":1,"minecraft:name_tag":1,"minecraft:cooked_mutton":1,"minecraft:iron_leggings":1,"minecraft:leather_boots":1,"minecraft:bone":2,"minecraft:wheat_seeds":12,"minecraft:cobbled_deepslate":60,"minecraft:spruce_planks":13,"minecraft:iron_ingot":2,"minecraft:iron_pickaxe":1,"minecraft:oak_planks":12,"minecraft:iron_sword":1,"minecraft:stone_hoe":1,"minecraft:furnace":3,"minecraft:iron_boots":1,"minecraft:egg":7,"minecraft:stick":11,"minecraft:raw_iron":150,"minecraft:pumpkin":8,"minecraft:torch":12,"minecraft:spruce_stairs":1,"minecraft:gravel":2,"minecraft:porkchop":7,"minecraft:sand":4,"minecraft:cookie":128,"minecraft:spruce_sapling":2,"minecraft:diorite":4,"minecraft:spruce_log":100,"minecraft:leather_helmet":1,"minecraft:stone_sword":1,"minecraft:arrow":2,"minecraft:rotten_flesh":7,"minecraft:diamond":8,"minecraft:stone_axe":1,"minecraft:iron_helmet":1,"minecraft:granite":15,"minecraft:spruce_sign":2,"minecraft:bread":64,"minecraft:mutton":1,"minecraft:coal":171,"minecraft:rail":1,"minecraft:cobblestone":131}},"DataVersion":3839}