{"stats":{"minecraft:crafted":{"minecraft:red_dye":1,"minecraft:spruce_sign":3,"minecraft:spruce_planks":52,"minecraft:stick":4},"minecraft:mined":{"minecraft:poppy":1,"minecraft:spruce_leaves":11,"minecraft:spruce_log":13},"minecraft:used":{"minecraft:egg":2,"minecraft:red_dye":1,"minecraft:spruce_sign":3},"minecraft:killed_by":{"minecraft:player":1},"minecraft:custom":{"minecraft:open_chest":2,"minecraft:time_since_rest":6544,"minecraft:sprint_one_cm":44780,"minecraft:play_time":14357,"minecraft:walk_one_cm":46951,"minecraft:damage_taken":300,"minecraft:deaths":1,"minecraft:walk_under_water_one_cm":5846,"minecraft:drop":1,"minecraft:jump":224,"minecraft:time_since_death":6517,"minecraft:leave_game":2,"minecraft:walk_on_water_one_cm":4435,"minecraft:total_world_time":14357,"minecraft:swim_one_cm":6519,"minecraft:interact_with_crafting_table":2,"minecraft:fall_one_cm":2841,"minecraft:fly_one_cm":47240},"minecraft:dropped":{"minecraft:ink_sac":1},"minecraft:picked_up":{"minecraft:ink_sac":1,"minecraft:spruce_sapling":2,"minecraft:poppy":1,"minecraft:spruce_log":13,"minecraft:egg":2}},"DataVersion":3839}