{"stats":{"minecraft:broken":{"minecraft:stone_pickaxe":1,"minecraft:stone_axe":2,"minecraft:stone_shovel":1},"minecraft:mined":{"minecraft:white_bed":1,"minecraft:deepslate_diamond_ore":23,"minecraft:obsidian":4,"minecraft:granite":34,"minecraft:grass_block":16,"minecraft:spruce_leaves":48,"minecraft:sandstone":31,"minecraft:large_fern":7,"minecraft:fire":39,"minecraft:iron_ore":19,"minecraft:andesite":51,"minecraft:fletching_table":3,"minecraft:gold_block":2,"minecraft:deepslate_iron_ore":27,"minecraft:stone":252,"minecraft:crafting_table":2,"minecraft:short_grass":14,"minecraft:cobblestone":17,"minecraft:nether_quartz_ore":77,"minecraft:copper_ore":2,"minecraft:tall_grass":1,"minecraft:deepslate_gold_ore":9,"minecraft:lapis_ore":6,"minecraft:sugar_cane":45,"minecraft:birch_log":36,"minecraft:sweet_berry_bush":1,"minecraft:spruce_log":164,"minecraft:birch_leaves":2,"minecraft:oak_log":142,"minecraft:coal_ore":22,"minecraft:gravel":17,"minecraft:sand":106,"minecraft:dirt":17,"minecraft:netherrack":8,"minecraft:gold_ore":1,"minecraft:oak_leaves":15,"minecraft:deepslate":58},"minecraft:crafted":{"minecraft:wooden_sword":1,"minecraft:oak_planks":96,"minecraft:stone_shovel":1,"minecraft:furnace":2,"minecraft:bookshelf":2,"minecraft:cooked_mutton":7,"minecraft:flint_and_steel":1,"minecraft:quartz_block":15,"minecraft:stone_pickaxe":3,"minecraft:chest":3,"minecraft:stone_hoe":1,"minecraft:cooked_beef":17,"minecraft:crafting_table":5,"minecraft:enchanting_table":1,"minecraft:wooden_pickaxe":1,"minecraft:iron_sword":1,"minecraft:bucket":1,"minecraft:stone_axe":2,"minecraft:air":0,"minecraft:oak_boat":1,"minecraft:book":7,"minecraft:diamond_pickaxe":1,"minecraft:shield":1,"minecraft:stick":36,"minecraft:iron_ingot":41,"minecraft:stone_sword":1,"minecraft:iron_leggings":1,"minecraft:iron_shovel":1,"minecraft:gold_ingot":28,"minecraft:white_bed":1,"minecraft:torch":88},"minecraft:used":{"minecraft:moss_carpet":2,"minecraft:netherite_sword":8,"minecraft:enchanting_table":1,"minecraft:stone_sword":71,"minecraft:flint_and_steel":1,"minecraft:stone_shovel":131,"minecraft:chest":3,"minecraft:shield":11,"minecraft:iron_sword":68,"minecraft:zombie_spawn_egg":12,"minecraft:cooked_salmon":5,"minecraft:rotten_flesh":3,"minecraft:torch":89,"minecraft:dirt":23,"minecraft:carrot":5,"minecraft:granite":30,"minecraft:obsidian":11,"minecraft:bookshelf":2,"minecraft:birch_sapling":1,"minecraft:furnace":2,"minecraft:cooked_beef":15,"minecraft:iron_leggings":1,"minecraft:water_bucket":5,"minecraft:diorite":1,"minecraft:stone_pickaxe":254,"minecraft:oak_planks":5,"minecraft:wooden_pickaxe":4,"minecraft:leather_chestplate":1,"minecraft:fletching_table":3,"minecraft:sugar_cane":25,"minecraft:crafting_table":7,"minecraft:white_bed":2,"minecraft:spruce_log":9,"minecraft:creeper_spawn_egg":16,"minecraft:diamond_pickaxe":230,"minecraft:command_block":1,"minecraft:bread":14,"minecraft:iron_pickaxe":165,"minecraft:gravel":1,"minecraft:stone_axe":387,"minecraft:fishing_rod":3,"minecraft:wooden_sword":9,"minecraft:cobblestone":146,"minecraft:andesite":32,"minecraft:bucket":6,"minecraft:oak_boat":1,"minecraft:splash_potion":42},"minecraft:killed":{"minecraft:spider":3,"minecraft:skeleton":7,"minecraft:drowned":2,"minecraft:zombie_villager":1,"minecraft:creeper":3,"minecraft:sheep":9,"minecraft:zombie":18,"minecraft:cow":14},"minecraft:custom":{"minecraft:mob_kills":57,"minecraft:interact_with_crafting_table":26,"minecraft:leave_game":5,"minecraft:time_since_death":233178,"minecraft:climb_one_cm":622,"minecraft:sprint_one_cm":395215,"minecraft:walk_one_cm":410484,"minecraft:damage_blocked_by_shield":365,"minecraft:drop":39,"minecraft:talked_to_villager":12,"minecraft:play_time":233178,"minecraft:sneak_time":7587,"minecraft:walk_under_water_one_cm":60726,"minecraft:boat_one_cm":87236,"minecraft:jump":3508,"minecraft:walk_on_water_one_cm":63402,"minecraft:enchant_item":9,"minecraft:total_world_time":233178,"minecraft:interact_with_furnace":43,"minecraft:sleep_in_bed":9,"minecraft:time_since_rest":18825,"minecraft:damage_taken":1799,"minecraft:damage_dealt":8525,"minecraft:fly_one_cm":1737704,"minecraft:swim_one_cm":157298,"minecraft:open_chest":69,"minecraft:crouch_one_cm":7039,"minecraft:fish_caught":3,"minecraft:fall_one_cm":58812},"minecraft:dropped":{"minecraft:stone_hoe":1,"minecraft:water_bucket":1,"minecraft:iron_ingot":32,"minecraft:bread":64,"minecraft:iron_sword":1,"minecraft:diamond":16,"minecraft:cookie":64,"minecraft:cobblestone":87,"minecraft:leather_helmet":2,"minecraft:gray_wool":1,"minecraft:ink_sac":1,"minecraft:cooked_salmon":3,"minecraft:pumpkin":1,"minecraft:bucket":1,"minecraft:white_wool":11,"minecraft:spruce_sapling":15,"minecraft:gravel":11,"minecraft:stone_axe":1,"minecraft:stone_sword":1,"minecraft:birch_sapling":4,"minecraft:cooked_mutton":64,"minecraft:filled_map":1,"minecraft:diamond_pickaxe":1,"minecraft:leather_boots":1,"minecraft:oak_sapling":4,"minecraft:arrow":7,"minecraft:stone_pickaxe":2,"minecraft:netherrack":8},"minecraft:picked_up":{"minecraft:crafting_table":2,"minecraft:gold_block":2,"minecraft:string":2,"minecraft:moss_carpet":2,"minecraft:raw_copper":9,"minecraft:cooked_salmon":2,"minecraft:cobbled_deepslate":63,"minecraft:beef":26,"minecraft:sugar_cane":65,"minecraft:birch_sapling":5,"minecraft:egg":1,"minecraft:stick":44,"minecraft:raw_iron":46,"minecraft:sandstone":2,"minecraft:torch":1,"minecraft:porkchop":4,"minecraft:arrow":9,"minecraft:rotten_flesh":13,"minecraft:mutton":16,"minecraft:obsidian":4,"minecraft:cod":1,"minecraft:white_wool":15,"minecraft:cobblestone":270,"minecraft:birch_log":36,"minecraft:andesite":51,"minecraft:water_bucket":1,"minecraft:salmon":2,"minecraft:leather":11,"minecraft:flint":1,"minecraft:oak_log":170,"minecraft:gunpowder":2,"minecraft:lapis_lazuli":35,"minecraft:dirt":32,"minecraft:bone":7,"minecraft:apple":2,"minecraft:wheat_seeds":2,"minecraft:raw_gold":10,"minecraft:stone_pickaxe":1,"minecraft:fletching_table":3,"minecraft:iron_sword":1,"minecraft:pumpkin":1,"minecraft:sweet_berries":2,"minecraft:dandelion":1,"minecraft:quartz":76,"minecraft:gravel":16,"minecraft:sand":42,"minecraft:spruce_sapling":26,"minecraft:ink_sac":4,"minecraft:white_bed":1,"minecraft:spruce_log":161,"minecraft:spider_eye":1,"minecraft:diamond":26,"minecraft:stone_axe":1,"minecraft:granite":38,"minecraft:gray_wool":1,"minecraft:oak_sapling":22,"minecraft:netherrack":8,"minecraft:coal":22}},"DataVersion":3839}