{"stats":{"minecraft:mined":{"minecraft:short_grass":1},"minecraft:custom":{"minecraft:jump":21,"minecraft:time_since_rest":5191,"minecraft:damage_dealt":30,"minecraft:leave_game":1,"minecraft:sprint_one_cm":1752,"minecraft:play_time":5191,"minecraft:walk_on_water_one_cm":482,"minecraft:time_since_death":5191,"minecraft:walk_one_cm":1612,"minecraft:sneak_time":53,"minecraft:total_world_time":5191,"minecraft:walk_under_water_one_cm":5179,"minecraft:fall_one_cm":209,"minecraft:fly_one_cm":18788}},"DataVersion":3839}