{"stats":{"minecraft:custom":{"minecraft:jump":22,"minecraft:time_since_rest":5688,"minecraft:damage_dealt":30,"minecraft:leave_game":2,"minecraft:play_time":5688,"minecraft:sprint_one_cm":2444,"minecraft:time_since_death":5688,"minecraft:walk_on_water_one_cm":482,"minecraft:walk_one_cm":1967,"minecraft:sneak_time":53,"minecraft:total_world_time":5688,"minecraft:walk_under_water_one_cm":5179,"minecraft:fall_one_cm":209,"minecraft:fly_one_cm":20293},"minecraft:mined":{"minecraft:short_grass":1}},"DataVersion":3839}