{"stats":{"minecraft:crafted":{"minecraft:oak_planks":24,"minecraft:crafting_table":1,"minecraft:spruce_planks":44,"minecraft:furnace":3,"minecraft:stone_axe":1,"minecraft:cooked_mutton":10,"minecraft:diamond_pickaxe":1,"minecraft:shield":1,"minecraft:iron_axe":1,"minecraft:stick":24,"minecraft:iron_ingot":19,"minecraft:stone_pickaxe":1},"minecraft:killed":{"minecraft:pig":2,"minecraft:sheep":8,"minecraft:zombie":2},"minecraft:custom":{"minecraft:interact_with_furnace":9,"minecraft:mob_kills":12,"minecraft:interact_with_crafting_table":7,"minecraft:bell_ring":7,"minecraft:leave_game":1,"minecraft:time_since_death":3936,"minecraft:sleep_in_bed":3,"minecraft:time_since_rest":4026,"minecraft:sprint_one_cm":321764,"minecraft:damage_taken":2871,"minecraft:walk_one_cm":191945,"minecraft:damage_blocked_by_shield":181,"minecraft:drop":9,"minecraft:damage_dealt":1714,"minecraft:swim_one_cm":20854,"minecraft:talked_to_villager":1,"minecraft:fly_one_cm":397480,"minecraft:open_chest":25,"minecraft:crouch_one_cm":1203,"minecraft:play_time":112014,"minecraft:deaths":9,"minecraft:sneak_time":2226,"minecraft:walk_under_water_one_cm":6765,"minecraft:jump":1067,"minecraft:walk_on_water_one_cm":15969,"minecraft:total_world_time":112014,"minecraft:fall_one_cm":36210},"minecraft:used":{"minecraft:cooked_mutton":6,"minecraft:water_bucket":1,"minecraft:jack_o_lantern":2,"minecraft:oak_planks":1,"minecraft:shield":1,"minecraft:stone_hoe":5,"minecraft:torch":104,"minecraft:mutton":1,"minecraft:crafting_table":2,"minecraft:carrot":5,"minecraft:spruce_log":5,"minecraft:diamond_pickaxe":180,"minecraft:iron_axe":10,"minecraft:stone_axe":104,"minecraft:cobblestone":3,"minecraft:sweet_berries":3,"minecraft:furnace":3,"minecraft:bucket":1},"minecraft:mined":{"minecraft:deepslate_redstone_ore":5,"minecraft:tuff":5,"minecraft:deepslate_diamond_ore":12,"minecraft:jack_o_lantern":2,"minecraft:crafting_table":1,"minecraft:torch":1,"minecraft:short_grass":1,"minecraft:grass_block":1,"minecraft:cobblestone":4,"minecraft:deepslate_gold_ore":7,"minecraft:spruce_leaves":13,"minecraft:lapis_ore":5,"minecraft:oak_planks":6,"minecraft:wall_torch":1,"minecraft:large_fern":2,"minecraft:redstone_ore":5,"minecraft:furnace":1,"minecraft:iron_ore":38,"minecraft:sweet_berry_bush":2,"minecraft:spruce_log":6,"minecraft:pumpkin":7,"minecraft:deepslate_lapis_ore":5,"minecraft:deepslate_iron_ore":26,"minecraft:oak_log":33,"minecraft:dirt":2,"minecraft:stone":32,"minecraft:gold_ore":4,"minecraft:oak_leaves":10,"minecraft:deepslate":14,"minecraft:fern":1},"minecraft:picked_up":{"minecraft:crafting_table":5,"minecraft:glow_ink_sac":3,"minecraft:water_bucket":1,"minecraft:tuff":4,"minecraft:oak_log":57,"minecraft:lapis_lazuli":126,"minecraft:dirt":10,"minecraft:cooked_mutton":98,"minecraft:leather_boots":5,"minecraft:apple":1,"minecraft:wheat_seeds":1,"minecraft:cobbled_deepslate":14,"minecraft:raw_gold":10,"minecraft:bucket":5,"minecraft:spruce_planks":60,"minecraft:iron_ingot":32,"minecraft:stone_pickaxe":2,"minecraft:stone_hoe":1,"minecraft:birch_sapling":4,"minecraft:oak_planks":6,"minecraft:furnace":1,"minecraft:stick":12,"minecraft:raw_iron":128,"minecraft:pumpkin":7,"minecraft:sweet_berries":16,"minecraft:torch":500,"minecraft:porkchop":4,"minecraft:spruce_sapling":17,"minecraft:spruce_log":124,"minecraft:redstone":33,"minecraft:arrow":7,"minecraft:rotten_flesh":1,"minecraft:diamond":24,"minecraft:stone_axe":3,"minecraft:golden_apple":3,"minecraft:gray_wool":2,"minecraft:jack_o_lantern":2,"minecraft:oak_sapling":5,"minecraft:black_wool":1,"minecraft:mutton":25,"minecraft:white_wool":22,"minecraft:cobblestone":291,"minecraft:diamond_pickaxe":7},"minecraft:dropped":{"minecraft:stone_axe":2,"minecraft:diamond_pickaxe":2,"minecraft:pumpkin":3,"minecraft:spruce_log":7,"minecraft:spruce_sapling":1},"minecraft:broken":{"minecraft:stone_axe":1},"minecraft:killed_by":{"minecraft:skeleton":1,"minecraft:creeper":1,"minecraft:zombie":3}},"DataVersion":3839}