{"stats":{"minecraft:mined":{"minecraft:deepslate_redstone_ore":19,"minecraft:tuff":10,"minecraft:deepslate_diamond_ore":26,"minecraft:jack_o_lantern":2,"minecraft:crafting_table":1,"minecraft:torch":2,"minecraft:granite":1,"minecraft:short_grass":1,"minecraft:grass_block":2,"minecraft:cobblestone":4,"minecraft:spruce_leaves":13,"minecraft:lapis_ore":33,"minecraft:deepslate_gold_ore":24,"minecraft:oak_planks":6,"minecraft:diorite":4,"minecraft:wall_torch":6,"minecraft:large_fern":2,"minecraft:redstone_ore":5,"minecraft:furnace":1,"minecraft:cobbled_deepslate":2,"minecraft:iron_ore":106,"minecraft:sweet_berry_bush":2,"minecraft:spruce_log":6,"minecraft:andesite":6,"minecraft:pumpkin":7,"minecraft:deepslate_lapis_ore":9,"minecraft:coal_ore":84,"minecraft:oak_log":48,"minecraft:deepslate_iron_ore":52,"minecraft:gravel":2,"minecraft:dirt":2,"minecraft:stone":66,"minecraft:gold_ore":5,"minecraft:oak_leaves":14,"minecraft:deepslate":75,"minecraft:fern":1},"minecraft:killed":{"minecraft:pig":2,"minecraft:skeleton":2,"minecraft:sheep":8,"minecraft:zombie":8},"minecraft:picked_up":{"minecraft:iron_chestplate":5,"minecraft:crafting_table":5,"minecraft:glow_ink_sac":12,"minecraft:water_bucket":1,"minecraft:andesite":8,"minecraft:potato":6,"minecraft:flint":12,"minecraft:tuff":4,"minecraft:oak_log":72,"minecraft:shield":5,"minecraft:string":2,"minecraft:lapis_lazuli":1199,"minecraft:dirt":11,"minecraft:iron_leggings":4,"minecraft:leather_boots":5,"minecraft:cooked_mutton":326,"minecraft:bone":18,"minecraft:apple":1,"minecraft:bow":10,"minecraft:wheat_seeds":1,"minecraft:cobbled_deepslate":125,"minecraft:raw_gold":83,"minecraft:bucket":5,"minecraft:spruce_planks":60,"minecraft:iron_ingot":32,"minecraft:stone_pickaxe":2,"minecraft:oak_planks":62,"minecraft:birch_sapling":4,"minecraft:stone_hoe":1,"minecraft:iron_boots":5,"minecraft:furnace":1,"minecraft:stick":76,"minecraft:raw_iron":577,"minecraft:pumpkin":7,"minecraft:sweet_berries":16,"minecraft:torch":642,"minecraft:gravel":16,"minecraft:porkchop":4,"minecraft:spruce_sapling":17,"minecraft:diorite":5,"minecraft:carrot":5,"minecraft:spruce_log":124,"minecraft:redstone":315,"minecraft:spider_eye":1,"minecraft:arrow":47,"minecraft:rotten_flesh":67,"minecraft:diamond":45,"minecraft:stone_axe":3,"minecraft:iron_helmet":4,"minecraft:diamond_axe":7,"minecraft:golden_apple":3,"minecraft:gray_wool":2,"minecraft:bread":64,"minecraft:jack_o_lantern":2,"minecraft:oak_sapling":6,"minecraft:black_wool":1,"minecraft:mutton":25,"minecraft:coal":338,"minecraft:white_wool":22,"minecraft:cobblestone":351,"minecraft:diamond_pickaxe":14},"minecraft:killed_by":{"minecraft:player":1,"minecraft:skeleton":1,"minecraft:creeper":2,"minecraft:zombie":5,"minecraft:enderman":1},"minecraft:dropped":{"minecraft:stone_axe":2,"minecraft:diamond_axe":2,"minecraft:diamond_pickaxe":4,"minecraft:pumpkin":3,"minecraft:spruce_log":7,"minecraft:spruce_sapling":1},"minecraft:custom":{"minecraft:interact_with_furnace":11,"minecraft:mob_kills":23,"minecraft:interact_with_crafting_table":11,"minecraft:bell_ring":7,"minecraft:leave_game":2,"minecraft:time_since_death":15587,"minecraft:sleep_in_bed":4,"minecraft:time_since_rest":15675,"minecraft:sprint_one_cm":420791,"minecraft:damage_taken":5070,"minecraft:walk_one_cm":355569,"minecraft:damage_blocked_by_shield":560,"minecraft:drop":13,"minecraft:damage_dealt":3906,"minecraft:swim_one_cm":21914,"minecraft:talked_to_villager":1,"minecraft:fly_one_cm":439703,"minecraft:open_chest":30,"minecraft:crouch_one_cm":4007,"minecraft:play_time":202425,"minecraft:deaths":14,"minecraft:sneak_time":9495,"minecraft:walk_under_water_one_cm":7490,"minecraft:jump":2166,"minecraft:walk_on_water_one_cm":26777,"minecraft:total_world_time":202425,"minecraft:fall_one_cm":66302},"minecraft:broken":{"minecraft:stone_axe":1},"minecraft:crafted":{"minecraft:oak_planks":68,"minecraft:diamond_axe":1,"minecraft:crafting_table":1,"minecraft:spruce_planks":44,"minecraft:iron_helmet":1,"minecraft:furnace":3,"minecraft:stone_axe":1,"minecraft:cooked_mutton":12,"minecraft:iron_boots":1,"minecraft:iron_chestplate":1,"minecraft:diamond_pickaxe":1,"minecraft:shield":2,"minecraft:iron_axe":1,"minecraft:stick":80,"minecraft:iron_ingot":19,"minecraft:stone_pickaxe":1,"minecraft:iron_leggings":1,"minecraft:torch":136},"minecraft:used":{"minecraft:cooked_mutton":13,"minecraft:diorite":4,"minecraft:water_bucket":1,"minecraft:jack_o_lantern":2,"minecraft:oak_planks":1,"minecraft:shield":12,"minecraft:diamond_axe":58,"minecraft:stone_hoe":5,"minecraft:torch":247,"minecraft:mutton":1,"minecraft:crafting_table":2,"minecraft:carrot":5,"minecraft:spruce_log":5,"minecraft:diamond_pickaxe":563,"minecraft:iron_axe":10,"minecraft:bread":1,"minecraft:gravel":4,"minecraft:stone_axe":104,"minecraft:cobblestone":32,"minecraft:sweet_berries":3,"minecraft:furnace":3,"minecraft:andesite":6,"minecraft:bucket":1,"minecraft:cobbled_deepslate":66}},"DataVersion":3839}